<?xml version="1.0"?>
<!DOCTYPE hibernate-mapping PUBLIC
"-//Hibernate/Hibernate Mapping DTD 3.0//EN"
"http://hibernate.sourceforge.net/hibernate-mapping-3.0.dtd">
<hibernate-mapping>
    <class name="entidades.Persona" table="persona">
        <id name="id" column="ID">
            <generator class="identity"/>
        </id>
        <property name="nombre"/>
        <list name="libros" cascade="all-delete-orphan">
            <key column="id_persona"/>
            <index column="posicion_lista"/>
            <one-to-many class="entidades.Libro"/>
        </list>
    </class>
</hibernate-mapping>
