<?xml version="1.0" encoding="UTF-8"?>
<project-private xmlns="http://www.netbeans.org/ns/project-private/1">
    <editor-bookmarks xmlns="http://www.netbeans.org/ns/editor-bookmarks/2" lastBookmarkId="0"/>
    <open-files xmlns="http://www.netbeans.org/ns/projectui-open-files/2">
        <group name="ACCESO A DATOS">
            <file>file:/C:/Users/Shaila/Documents/DAM/2%20DAM/AD/AD1819/Json03Bis/src/modelo/Metodos.java</file>
            <file>file:/C:/Users/Shaila/Documents/DAM/2%20DAM/AD/AD1819/Json03Bis/src/logica/JSonClientes.java</file>
        </group>
    </open-files>
</project-private>
