<?xml version="1.0" encoding="UTF-8" standalone="yes"?>
<clientes>
    <cliente>
        <apellido>String</apellido>
        <apellido>String</apellido>
        <direccion>
            <calle>String</calle>
            <numero>String</numero>
            <piso>0</piso>
            <escalera>a</escalera>
            <cp>0</cp>
            <ciudad>String</ciudad>
        </direccion>
        <direccion>
            <calle>String</calle>
            <numero>String</numero>
            <piso>0</piso>
            <escalera>c</escalera>
            <cp>0</cp>
            <ciudad>String</ciudad>
        </direccion>
        <direccion>
            <calle>String</calle>
            <numero>String</numero>
            <piso>0</piso>
            <escalera>c</escalera>
            <cp>0</cp>
            <ciudad>String</ciudad>
        </direccion>
        <telefono>String</telefono>
        <nombre/>
    </cliente>
    <cliente>
        <apellido>String</apellido>
        <apellido>String</apellido>
        <direccion>
            <calle>String</calle>
            <numero>String</numero>
            <piso>0</piso>
            <escalera>a</escalera>
            <cp>0</cp>
            <ciudad>String</ciudad>
        </direccion>
        <direccion>
            <calle>String</calle>
            <numero>String</numero>
            <piso>0</piso>
            <escalera>c</escalera>
            <cp>0</cp>
            <ciudad>String</ciudad>
        </direccion>
        <direccion>
            <calle>String</calle>
            <numero>String</numero>
            <piso>0</piso>
            <escalera>c</escalera>
            <cp>0</cp>
            <ciudad>String</ciudad>
        </direccion>
        <telefono>String</telefono>
        <nombre/>
    </cliente>
    <cliente>
        <apellido>Perez</apellido>
        <apellido>Fernandez</apellido>
        <direccion>
            <calle>Travesia Colon</calle>
            <numero>1</numero>
            <piso>1</piso>
            <escalera>-</escalera>
            <cp>33940</cp>
            <ciudad>El Entrego</ciudad>
        </direccion>
        <telefono>665934374</telefono>
        <nombre/>
    </cliente>
</clientes>
