<?xml version="1.0"?>
<!DOCTYPE hibernate-mapping PUBLIC
"-//Hibernate/Hibernate Mapping DTD 3.0//EN"
"http://hibernate.sourceforge.net/hibernate-mapping-3.0.dtd">
<hibernate-mapping>
    <class name="entidades.Estudiante" table="estudiante">
        <id name="id" column="id_estudiante">
            <generator class="identity"/>
        </id>
        <property name="nombre"/>
        <list name="materias" table="estudiante_materia" cascade="all-delete-orphan">
            <key column="id_estudiante"/>
            <list-index column="orden_lista"/>
            <many-to-many class="entidades.Materia" column="id_materia"/>
        </list>
    </class>
</hibernate-mapping>