<?xml version="1.0"?>
<!DOCTYPE hibernate-mapping PUBLIC
"-//Hibernate/Hibernate Mapping DTD 3.0//EN"
"http://hibernate.sourceforge.net/hibernate-mapping-3.0.dtd">
<hibernate-mapping>
    <class name="entidades.Materia" table="materia">
        <id name="id" column="id_materia">
            <generator class="identity"/>
        </id>
        <property name="nombre"/>
        <!--El atributo inverse indica que el dueño de la relación es la otra entidad, estudiante.-->
        <list name="estudiantes" table="estudiante_materia" inverse="true" >
            <key column="id_materia" />
            <list-index column="orden_lista" />
            <many-to-many class="entidades.Estudiante" column="id_estudiante" />
        </list>
    </class>
</hibernate-mapping>