<?xml version="1.0" encoding="UTF-8"?>
<!--Sample XML file generated by XMLSpy v2011 sp1 (http://www.altova.com)-->
<diccionarioEspanol xsi:noNamespaceSchemaLocation="diccionario.xsd" xmlns:xsi="http://www.w3.org/2001/XMLSchema-instance">
	<palabras>
		<palabra>
			<grafia>Shaila</grafia>
			<definiciones>
				<definicion>String</definicion>
				<definicion>String</definicion>
				<definicion>String</definicion>
			</definiciones>
			<fechaInsercion>1967-08-13</fechaInsercion>
			<sinonimos>
				<sinonimo>
					<grafia>String</grafia>
					<porcentajeSimilitud>3.14159</porcentajeSimilitud>
				</sinonimo>
				<sinonimo>
					<grafia>String</grafia>
					<porcentajeSimilitud>3.14159</porcentajeSimilitud>
				</sinonimo>
				<sinonimo>
					<grafia>String</grafia>
					<porcentajeSimilitud>3.14159</porcentajeSimilitud>
				</sinonimo>
			</sinonimos>
			<antonimos>
				<antonimo>
					<grafia>String</grafia>
					<porcentajeOposicion>3.14159</porcentajeOposicion>
				</antonimo>
				<antonimo>
					<grafia>String</grafia>
					<porcentajeOposicion>3.14159</porcentajeOposicion>
				</antonimo>
				<antonimo>
					<grafia>String</grafia>
					<porcentajeOposicion>3.14159</porcentajeOposicion>
				</antonimo>
			</antonimos>
		</palabra>
		<palabra>
			<grafia>String</grafia>
			<definiciones>
				<definicion>String</definicion>
				<definicion>String</definicion>
				<definicion>String</definicion>
			</definiciones>
			<fechaInsercion>1967-08-13</fechaInsercion>
			<sinonimos>
				<sinonimo>
					<grafia>hola</grafia>
					<porcentajeSimilitud>3.14159</porcentajeSimilitud>
				</sinonimo>
				<sinonimo>
					<grafia>String</grafia>
					<porcentajeSimilitud>3.14159</porcentajeSimilitud>
				</sinonimo>
				<sinonimo>
					<grafia>String</grafia>
					<porcentajeSimilitud>3.14159</porcentajeSimilitud>
				</sinonimo>
			</sinonimos>
			<antonimos>
				<antonimo>
					<grafia>String</grafia>
					<porcentajeOposicion>3.14159</porcentajeOposicion>
				</antonimo>
				<antonimo>
					<grafia>String</grafia>
					<porcentajeOposicion>3.14159</porcentajeOposicion>
				</antonimo>
				<antonimo>
					<grafia>String</grafia>
					<porcentajeOposicion>3.14159</porcentajeOposicion>
				</antonimo>
			</antonimos>
		</palabra>
		<palabra>
			<grafia>String</grafia>
			<definiciones>
				<definicion>String</definicion>
				<definicion>String</definicion>
				<definicion>String</definicion>
			</definiciones>
			<fechaInsercion>1967-08-13</fechaInsercion>
			<sinonimos>
				<sinonimo>
					<grafia>hola</grafia>
					<porcentajeSimilitud>3.14159</porcentajeSimilitud>
				</sinonimo>
				<sinonimo>
					<grafia>String</grafia>
					<porcentajeSimilitud>3.14159</porcentajeSimilitud>
				</sinonimo>
				<sinonimo>
					<grafia>String</grafia>
					<porcentajeSimilitud>3.14159</porcentajeSimilitud>
				</sinonimo>
			</sinonimos>
			<antonimos>
				<antonimo>
					<grafia>String</grafia>
					<porcentajeOposicion>3.14159</porcentajeOposicion>
				</antonimo>
				<antonimo>
					<grafia>String</grafia>
					<porcentajeOposicion>3.14159</porcentajeOposicion>
				</antonimo>
				<antonimo>
					<grafia>String</grafia>
					<porcentajeOposicion>3.14159</porcentajeOposicion>
				</antonimo>
			</antonimos>
		</palabra>
	</palabras>
</diccionarioEspanol>
