<?xml version="1.0"?>
<!DOCTYPE hibernate-mapping PUBLIC
"-//Hibernate/Hibernate Mapping DTD 3.0//EN"
"http://hibernate.sourceforge.net/hibernate-mapping-3.0.dtd">
<hibernate-mapping>
    <class name="entidades.Persona" table="persona">
        <id name="id" column="ID">
            <generator class="identity"/>
        </id>
        <property name="nombre"/>
        <map name="libros" cascade="all-delete-orphan">
            <!--IMPORTANTE: el valor de column, id_persona, ha de coincidir con el valor column del many-to-one de libro-->
            <key column="id_persona"/>
            <index column="publicado" type="integer"/>
            <one-to-many class="entidades.Libro"/>
        </map>
    </class>
</hibernate-mapping>