<?xml version='1.0' encoding='UTF-8' ?>
<schemas xmlns='http://xml.netbeans.org/schema/JAXBWizConfig' destdir='build/generated-sources/jaxb' projectName='ExamenPresencial1T2017' version='1.0'>
	<schema type='-xmlschema' package='jaxb.diccionarioBinding' name='diccionarioBinding'>
		<xjc-options>
		</xjc-options>
		<schema-sources>
			<schema-source location='xml-resources/jaxb/diccionarioBinding/diccionario.xsd' origLocation='diccionario.xsd'/>
		</schema-sources>
		<bindings>
		</bindings>
		<catalog/>
	</schema>
</schemas>
