<?xml version="1.0" encoding="UTF-8"?>
<!DOCTYPE hibernate-mapping PUBLIC 
"-//Hibernate/Hibernate Mapping DTD 3.0//EN"
"http://hibernate.sourceforge.net/hibernate-mapping-3.0.dtd">
<hibernate-mapping>
    <!--   <class name="entidades.Contacto" table="CONTACTOS" catalog="hibernatecontactos"> -->
    <class name="entidades.Contacto" table="CONTACTOS">
        <id name="id" column="ID">
            <generator class="identity" />
        </id>
        <property name="nombre" type="string" column="NOMBRE" />
        <property name="email"/>
        <property name="telefono"/>
    </class>
</hibernate-mapping>
