<?xml version='1.0' encoding='UTF-8' ?>
<schemas xmlns='http://xml.netbeans.org/schema/JAXBWizConfig' destdir='build/generated-sources/jaxb' projectName='ExamenPD2017' version='1.0'>
	<schema type='-xmlschema' package='jaxb.diccionario2Binding' name='diccionario2Binding'>
		<xjc-options>
		</xjc-options>
		<schema-sources>
			<schema-source location='xml-resources/jaxb/diccionario2Binding/diccionario2.xsd' origLocation='diccionario2.xsd'/>
		</schema-sources>
		<bindings>
		</bindings>
		<catalog/>
	</schema>
</schemas>
