<?xml version="1.0" encoding="UTF-8"?>
<!DOCTYPE hibernate-configuration PUBLIC "-//Hibernate/Hibernate Configuration DTD 3.0//EN" "http://hibernate.sourceforge.net/hibernate-configuration-3.0.dtd">
<hibernate-configuration>
  <session-factory>
    <property name="connection.driver_class">com.mysql.jdbc.Driver</property>
     <property name="connection.url">jdbc:mysql://localhost:3306/pruebahibernate?serverTimezone=UTC</property>
        <property name="connection.username">root</property>
    <property name="connection.password">elentrego1384</property>
    <!-- Roge no tiene la siguiente línea -->
     <property name="connection.pool_size">1</property>   
    <property name="dialect">org.hibernate.dialect.MySQLDialect</property>
    <property name="show_sql">true</property>
    <property name="hbm2ddl.auto">update</property>
    <mapping class="entidades.Contacto"/>
  </session-factory>
</hibernate-configuration>
