<?xml version="1.0"?>
<!DOCTYPE hibernate-mapping PUBLIC "-//Hibernate/Hibernate Mapping DTD 3.0//EN"
"http://hibernate.sourceforge.net/hibernate-mapping-3.0.dtd">
<!-- Generated 10-ene-2014 11:12:49 by Hibernate Tools 3.2.1.GA -->
<hibernate-mapping>
    <!-- Ojo con esto, tiene que llevar el nombre del paquete donde tenemos la clase Contacto -->
    <class name="entidades.Contacto" table="CONTACTOS">
        <id name="id" column="ID">
            <generator class="identity" />
        </id>
        <property name="nombre" type="string" column="NOMBRE" />
        <property name="email" />
        <property name="telefono" />
    </class>
</hibernate-mapping>