<?xml version='1.0' encoding='UTF-8' ?>
<schemas xmlns='http://xml.netbeans.org/schema/JAXBWizConfig' destdir='build/generated-sources/jaxb' projectName='Json03Bis' version='1.0'>
	<schema type='-xmlschema' package='jaxb.clientesBinding' name='clientesBinding'>
		<xjc-options>
		</xjc-options>
		<schema-sources>
			<schema-source location='xml-resources/jaxb/clientesBinding/clientes.xsd' origLocation='clientes.xsd'/>
		</schema-sources>
		<bindings>
		</bindings>
		<catalog/>
	</schema>
</schemas>
