<?xml version='1.0' encoding='UTF-8' ?>
<schemas xmlns='http://xml.netbeans.org/schema/JAXBWizConfig' destdir='build/generated-sources/jaxb' projectName='examenAD20161Tpresencial' version='1.0'>
	<schema type='-xmlschema' package='jaxb.fotosBinding' name='fotosBinding'>
		<xjc-options>
		</xjc-options>
		<schema-sources>
			<schema-source location='xml-resources/jaxb/fotosBinding/fotos.xsd' origLocation='fotos.xsd'/>
		</schema-sources>
		<bindings>
		</bindings>
		<catalog/>
	</schema>
</schemas>
