<?xml version="1.0" encoding="UTF-8"?>
<project-private xmlns="http://www.netbeans.org/ns/project-private/1">
    <editor-bookmarks xmlns="http://www.netbeans.org/ns/editor-bookmarks/2" lastBookmarkId="0"/>
    <open-files xmlns="http://www.netbeans.org/ns/projectui-open-files/2">
        <group name="DESARROLLO DE INTERFACES">
            <file>file:/C:/Users/Shaila/Documents/DAM/2%20DAM/Acceso%20a%20Datos/AD1819/Hibernate/Punto07_HQL_ConsultasSimples/src/CrearDatos.java</file>
        </group>
        <group name="ACCESO A DATOS"/>
    </open-files>
</project-private>
