<?xml version="1.0" encoding="UTF-8"?>
<!DOCTYPE hibernate-configuration PUBLIC 
"-//Hibernate/Hibernate Configuration DTD 3.0//EN" 
"http://hibernate.sourceforge.net/hibernate-configuration-3.0.dtd">

<hibernate-configuration>
    <session-factory>
        <property name="connection.driver_class">com.mysql.jdbc.Driver</property>  
        <!--OJO PONER MI CONEXION --> 
        <property name="connection.url">jdbc:mysql://localhost:3306/examenad_shaila?serverTimezone=UTC</property>     
        <property name="connection.username">root</property>       
        <property name="hibernate.connection.password">elentrego1384</property>         
        <property name="dialect">org.hibernate.dialect.MySQLDialect</property>     
        <property name="show_sql">true</property>     
        <property name="hbm2ddl.auto">update</property>      
        <mapping class="entity.Direccion"/>
        <mapping class="entity.Cliente"/>
        <mapping class="entity.Cuenta"/>
        <mapping class="entity.Movimiento"/>
        <mapping class="entity.Sucursal"/>

        <property name="hibernate.c3p0.timeout">100</property>
    </session-factory>
</hibernate-configuration>

