{
	"XML": {
		"version": 1.0,
		"encoding": "UTF-8"
	},
	"diccionarioEspanol": {
		"xsi:noNamespaceSchemaLocation": "diccionario.xsd",
		"xmlns:xsi": "http://www.w3.org/2001/XMLSchema-instance",
		"palabra": [
			{
				"grafia": "Shaila",
				"fonetica": "String",
				"definicion": [
					"String", "String", "String","Perico Palotes"
				],
				"fechaInsercion": "1967-08-7",
				"traducciones": {
					"traduccion": [
						{
							"idiomaTraduccion": "String",
							"grafia": "String",
							"fonetica": "String"
						}, {
							"idiomaTraduccion": "String",
							"grafia": "String",
							"fonetica": "String"
						}, {
							"idiomaTraduccion": "String",
							"grafia": "String",
							"fonetica": "String"
						}
					]
				},
				"sinonimos": {
					"sinonimo": [
						{
							"grafia": "String"
						}, {
							"grafia": "String"
						}, {
							"grafia": "String"
						}
					]
				}
			}, {
				"grafia": "String",
				"fonetica": "String",
				"definicion": [
					"String", "String", "String"
				],
				"fechaInsercion": "1967-08-13",
				"traducciones": {
					"traduccion": [
						{
							"idiomaTraduccion": "String",
							"grafia": "String",
							"fonetica": "String"
						}, {
							"idiomaTraduccion": "String",
							"grafia": "String",
							"fonetica": "String"
						}, {
							"idiomaTraduccion": "String",
							"grafia": "String",
							"fonetica": "String"
						}
					]
				},
				"sinonimos": {
					"sinonimo": [
						{
							"grafia": "String"
						}, {
							"grafia": "String"
						}, {
							"grafia": "String"
						}
					]
				}
			}, {
				"grafia": "String",
				"fonetica": "String",
				"definicion": [
					"String", "String", "String"
				],
				"fechaInsercion": "1967-08-13",
				"traducciones": {
					"traduccion": [
						{
							"idiomaTraduccion": "String",
							"grafia": "String",
							"fonetica": "String"
						}, {
							"idiomaTraduccion": "String",
							"grafia": "String",
							"fonetica": "String"
						}, {
							"idiomaTraduccion": "String",
							"grafia": "String",
							"fonetica": "String"
						}
					]
				},
				"sinonimos": {
					"sinonimo": [
						{
							"grafia": "String"
						}, {
							"grafia": "String"
						}, {
							"grafia": "String"
						}
					]
				}
			}
		]
	}
}