<?xml version="1.0" encoding="UTF-8" standalone="yes"?>
<diccionarioEspanol>
    <palabra>
        <grafia>String</grafia>
        <fonetica>String</fonetica>
        <definicion>String</definicion>
        <definicion>String</definicion>
        <definicion>String</definicion>
        <fechaInsercion>1967-08-13</fechaInsercion>
        <traducciones>
            <traduccion>
                <idiomaTraduccion>castellano</idiomaTraduccion>
                <grafia>String</grafia>
                <fonetica>String</fonetica>
            </traduccion>
            <traduccion>
                <idiomaTraduccion>ingles</idiomaTraduccion>
                <grafia>String</grafia>
                <fonetica>String</fonetica>
            </traduccion>
            <traduccion>
                <idiomaTraduccion>aleman</idiomaTraduccion>
                <grafia>String</grafia>
                <fonetica>String</fonetica>
            </traduccion>
        </traducciones>
        <sinonimos>
            <sinonimo>
                <grafia>String</grafia>
            </sinonimo>
            <sinonimo>
                <grafia>String</grafia>
            </sinonimo>
            <sinonimo>
                <grafia>String</grafia>
            </sinonimo>
        </sinonimos>
    </palabra>
    <palabra>
        <grafia>String</grafia>
        <fonetica>String</fonetica>
        <definicion>String</definicion>
        <definicion>String</definicion>
        <definicion>String</definicion>
        <fechaInsercion>1967-08-13</fechaInsercion>
        <traducciones>
            <traduccion>
                <idiomaTraduccion>castellano</idiomaTraduccion>
                <grafia>String</grafia>
                <fonetica>String</fonetica>
            </traduccion>
            <traduccion>
                <idiomaTraduccion>castellano</idiomaTraduccion>
                <grafia>String</grafia>
                <fonetica>String</fonetica>
            </traduccion>
            <traduccion>
                <idiomaTraduccion>castellano</idiomaTraduccion>
                <grafia>String</grafia>
                <fonetica>String</fonetica>
            </traduccion>
        </traducciones>
        <sinonimos>
            <sinonimo>
                <grafia>String</grafia>
            </sinonimo>
            <sinonimo>
                <grafia>String</grafia>
            </sinonimo>
            <sinonimo>
                <grafia>String</grafia>
            </sinonimo>
        </sinonimos>
    </palabra>
    <palabra>
        <grafia>String</grafia>
        <fonetica>String</fonetica>
        <definicion>String</definicion>
        <definicion>String</definicion>
        <definicion>String</definicion>
        <fechaInsercion>1967-08-13</fechaInsercion>
        <traducciones>
            <traduccion>
                <idiomaTraduccion>String</idiomaTraduccion>
                <grafia>String</grafia>
                <fonetica>String</fonetica>
            </traduccion>
            <traduccion>
                <idiomaTraduccion>String</idiomaTraduccion>
                <grafia>String</grafia>
                <fonetica>String</fonetica>
            </traduccion>
            <traduccion>
                <idiomaTraduccion>String</idiomaTraduccion>
                <grafia>String</grafia>
                <fonetica>String</fonetica>
            </traduccion>
        </traducciones>
        <sinonimos>
            <sinonimo>
                <grafia>String</grafia>
            </sinonimo>
            <sinonimo>
                <grafia>String</grafia>
            </sinonimo>
            <sinonimo>
                <grafia>String</grafia>
            </sinonimo>
        </sinonimos>
    </palabra>
</diccionarioEspanol>
