<?xml version="1.0" encoding="UTF-8" standalone="yes"?>
<albumesFotos>
    <albumFotos>
        <titulo>Arquitectura</titulo>
        <autor>
            <nombre>String</nombre>
            <apellidos>String</apellidos>
            <apellidos>String</apellidos>
            <telefono>String</telefono>
            <telefono>String</telefono>
            <email>newEmail</email>
        </autor>
        <foto id="ID_1">
            <nombre>String</nombre>
            <titulo>String</titulo>
            <fechaCaptura>1967-08-13</fechaCaptura>
            <horaCaptura>14:20:00.0Z</horaCaptura>
            <camara>String</camara>
            <ISO>800</ISO>
            <tiempoExposicion>0.125</tiempoExposicion>
            <datos>String</datos>
            <favorito>true</favorito>
        </foto>
        <foto id="ID_2">
            <nombre>String</nombre>
            <titulo>String</titulo>
            <fechaCaptura>1967-08-13</fechaCaptura>
            <horaCaptura>14:20:00.0Z</horaCaptura>
            <camara>String</camara>
            <ISO>800</ISO>
            <tiempoExposicion>0.125</tiempoExposicion>
            <datos>String</datos>
            <favorito>true</favorito>
        </foto>
        <foto id="ID_3">
            <nombre>String</nombre>
            <titulo>String</titulo>
            <fechaCaptura>1967-08-13</fechaCaptura>
            <horaCaptura>14:20:00.0Z</horaCaptura>
            <camara>String</camara>
            <ISO>800</ISO>
            <tiempoExposicion>0.125</tiempoExposicion>
            <datos>String</datos>
            <favorito>true</favorito>
        </foto>
    </albumFotos>
    <albumFotos>
        <titulo>Paisaje</titulo>
        <autor>
            <nombre>String</nombre>
            <apellidos>String</apellidos>
            <apellidos>String</apellidos>
            <telefono>String</telefono>
            <telefono>String</telefono>
            <email>newEmail</email>
        </autor>
        <foto id="ID_4">
            <nombre>String</nombre>
            <titulo>String</titulo>
            <fechaCaptura>1967-08-13</fechaCaptura>
            <horaCaptura>14:20:00.0Z</horaCaptura>
            <camara>String</camara>
            <ISO>200</ISO>
            <tiempoExposicion>0.125</tiempoExposicion>
            <datos>String</datos>
            <favorito>true</favorito>
        </foto>
        <foto id="ID_5">
            <nombre>String</nombre>
            <titulo>String</titulo>
            <fechaCaptura>1967-08-13</fechaCaptura>
            <horaCaptura>14:20:00.0Z</horaCaptura>
            <camara>String</camara>
            <ISO>400</ISO>
            <tiempoExposicion>0.125</tiempoExposicion>
            <datos>String</datos>
            <favorito>true</favorito>
        </foto>
        <foto id="ID_6">
            <nombre>String</nombre>
            <titulo>String</titulo>
            <fechaCaptura>1967-08-13</fechaCaptura>
            <horaCaptura>14:20:00.0Z</horaCaptura>
            <camara>String</camara>
            <ISO>800</ISO>
            <tiempoExposicion>0.125</tiempoExposicion>
            <datos>String</datos>
            <favorito>true</favorito>
        </foto>
    </albumFotos>
    <albumFotos>
        <titulo>Estilo</titulo>
        <autor>
            <nombre>String</nombre>
            <apellidos>String</apellidos>
            <apellidos>String</apellidos>
            <telefono>String</telefono>
            <telefono>String</telefono>
            <email>newEmail</email>
        </autor>
        <foto id="ID_7">
            <nombre>String</nombre>
            <titulo>String</titulo>
            <fechaCaptura>1967-08-13</fechaCaptura>
            <horaCaptura>14:20:00.0Z</horaCaptura>
            <camara>String</camara>
            <ISO>400</ISO>
            <tiempoExposicion>0.125</tiempoExposicion>
            <datos>String</datos>
            <favorito>true</favorito>
        </foto>
        <foto id="ID_8">
            <nombre>String</nombre>
            <titulo>String</titulo>
            <fechaCaptura>1967-08-13</fechaCaptura>
            <horaCaptura>14:20:00.0Z</horaCaptura>
            <camara>String</camara>
            <ISO>400</ISO>
            <tiempoExposicion>0.125</tiempoExposicion>
            <datos>String</datos>
            <favorito>true</favorito>
        </foto>
        <foto id="ID_9">
            <nombre>String</nombre>
            <titulo>String</titulo>
            <fechaCaptura>1967-08-13</fechaCaptura>
            <horaCaptura>14:20:00.0Z</horaCaptura>
            <camara>String</camara>
            <ISO>400</ISO>
            <tiempoExposicion>0.125</tiempoExposicion>
            <datos>String</datos>
            <favorito>true</favorito>
        </foto>
    </albumFotos>
</albumesFotos>
