<?xml version="1.0" encoding="UTF-8" standalone="yes"?>
<clientes>
    <cliente>
        <apellido>Fernandez</apellido>
        <apellido>Garcia</apellido>
        <direccion>
            <calle>Nueva</calle>
            <numero>8</numero>
            <piso>3</piso>
            <escalera>a</escalera>
            <cp>33900</cp>
            <ciudad>Langreo</ciudad>
        </direccion>
        <direccion>
            <calle>String</calle>
            <numero>String</numero>
            <piso>0</piso>
            <escalera>a</escalera>
            <cp>0</cp>
            <ciudad>String</ciudad>
        </direccion>
        <telefono>String</telefono>
        <nombre/>
    </cliente>
    <cliente>
        <apellido>String</apellido>
        <apellido>String</apellido>
        <direccion>
            <calle>String</calle>
            <numero>String</numero>
            <piso>0</piso>
            <escalera>a</escalera>
            <cp>0</cp>
            <ciudad>String</ciudad>
        </direccion>
        <direccion>
            <calle>String</calle>
            <numero>String</numero>
            <piso>0</piso>
            <escalera>c</escalera>
            <cp>0</cp>
            <ciudad>String</ciudad>
        </direccion>
        <direccion>
            <calle>String</calle>
            <numero>String</numero>
            <piso>0</piso>
            <escalera>c</escalera>
            <cp>0</cp>
            <ciudad>String</ciudad>
        </direccion>
        <telefono>String</telefono>
        <nombre/>
    </cliente>
    <cliente>
        <apellido>String</apellido>
        <apellido>String</apellido>
        <direccion>
            <calle>String</calle>
            <numero>String</numero>
            <piso>0</piso>
            <escalera>a</escalera>
            <cp>0</cp>
            <ciudad>String</ciudad>
        </direccion>
        <direccion>
            <calle>String</calle>
            <numero>String</numero>
            <piso>0</piso>
            <escalera>c</escalera>
            <cp>0</cp>
            <ciudad>String</ciudad>
        </direccion>
        <direccion>
            <calle>String</calle>
            <numero>String</numero>
            <piso>0</piso>
            <escalera>c</escalera>
            <cp>77201</cp>
            <ciudad>String</ciudad>
        </direccion>
        <telefono>String</telefono>
        <nombre/>
    </cliente>
</clientes>
