[{"apellido1":"String","apellido2":"String","direccion":[{"calle":"String","numero":"String","piso":0,"escalera":"c","cp":0,"ciudad":"String"},{"calle":"String","numero":"String","piso":0,"escalera":"a","cp":0,"ciudad":"String"}],"telefono":"String"},{"apellido1":"String","apellido2":"String","direccion":[{"calle":"String","numero":"String","piso":0,"escalera":"a","cp":0,"ciudad":"String"},{"calle":"String","numero":"String","piso":0,"escalera":"c","cp":0,"ciudad":"String"},{"calle":"String","numero":"String","piso":0,"escalera":"c","cp":0,"ciudad":"String"}],"telefono":"String"},{"apellido1":"String","apellido2":"String","direccion":[{"calle":"String","numero":"String","piso":0,"escalera":"a","cp":0,"ciudad":"String"},{"calle":"String","numero":"String","piso":0,"escalera":"c","cp":0,"ciudad":"String"},{"calle":"String","numero":"String","piso":0,"escalera":"c","cp":0,"ciudad":"String"}],"telefono":"String"}]