<?xml version="1.0" encoding="UTF-8"?>
<!DOCTYPE hibernate-configuration PUBLIC "-//Hibernate/Hibernate Configuration DTD 3.0//EN" "http://hibernate.sourceforge.net/hibernate-configuration-3.0.dtd">
<hibernate-configuration>
    <session-factory>
        <!-- parametros para la conexion a la base de datos -->
        <property name="connection.driver_class">com.mysql.jdbc.Driver</property>
        <property name="connection.url">jdbc:mysql://localhost:3306/pruebahibernate?serverTimezone=UTC</property>
        <property name="connection.username">root</property>
        <property name="connection.password">elentrego1384</property>
    
        <!-- Configuracion del pool interno -->
        <property name="connection.pool_size">1</property>
    
        <!-- Dialecto de la base de datos -->
        <property name="dialect">org.hibernate.dialect.MySQL5Dialect</property>
    
        <!-- Otras propiedades importantes -->
        <property name="show_sql">true</property>
        <!-- Cambiamos create-drop por update
        <property name="hbm2ddl.auto">create-drop</property> -->
        <property name="hbm2ddl.auto">update</property> 
    
        <!-- Archivos de mapeo -->
        <mapping resource="mapeos/Contacto.hbm.xml"/>
        
    </session-factory>
</hibernate-configuration>
