<?xml version="1.0" encoding="UTF-8" standalone="yes"?>
<pedido>
    <facturarA pais="España">
        <nombre>Pc Componentes</nombre>
        <calle>Las Cuestas, 13</calle>
        <ciudad>Langreo</ciudad>
        <provincia>Asturias</provincia>
        <codigoPostal>33900</codigoPostal>
    </facturarA>
    <comentario>Lineas de pedido</comentario>
    <articulos>
        <articulo codigo="123-AA">
            <nombreProducto>Lampara</nombreProducto>
            <cantidad>2</cantidad>
            <precio>3.8</precio>
            <comentario>Lámpara de pie rojo</comentario>
            <fechaEnvio>2012-09-01</fechaEnvio>
        </articulo>
        <articulo codigo="x3s">
            <nombreProducto>Naranjas</nombreProducto>
            <cantidad>3</cantidad>
            <precio>34.0</precio>
            <fechaEnvio>2018-11-20</fechaEnvio>
        </articulo>
    </articulos>
</pedido>
