<?xml version="1.0" encoding="UTF-8"?>
<project-private xmlns="http://www.netbeans.org/ns/project-private/1">
    <editor-bookmarks xmlns="http://www.netbeans.org/ns/editor-bookmarks/2" lastBookmarkId="0"/>
    <open-files xmlns="http://www.netbeans.org/ns/projectui-open-files/2">
        <group>
            <file>file:/home/roge/NetBeansProjects/Punto03_UnoUnoBidireccional_Anotaciones/src/entidades/Presidente.java</file>
            <file>file:/home/roge/NetBeansProjects/Punto03_UnoUnoBidireccional_Anotaciones/src/hibernate.cfg.xml</file>
            <file>file:/home/roge/NetBeansProjects/Punto03_UnoUnoBidireccional_Anotaciones/src/Main.java</file>
            <file>file:/home/roge/NetBeansProjects/Punto03_UnoUnoBidireccional_Anotaciones/src/entidades/Pais.java</file>
        </group>
    </open-files>
</project-private>
